{"cameraMode":{"drawMode":0,"name":"Shaded","section":"Shading Mode"},"sceneLighting":true,"audioPlay":false,"sceneViewState":{"m_AlwaysRefresh":false,"showFog":true,"showSkybox":true,"showFlares":true,"showImageEffects":true,"showParticleSystems":true,"showVisualEffectGraphs":true,"m_FxEnabled":true},"in2DMode":false,"pivot":{"x":-5.62152099609375,"y":-0.036478519439697269,"z":-9.730770111083985},"rotation":{"x":-0.016035478562116624,"y":0.9692394733428955,"z":-0.06582681834697724,"w":-0.23631437122821809},"size":15.529693603515625,"orthographic":false}